Rk,Player,Pos,Age,Tm,G,GS,MP,FG,FGA,FG%,3P,3PA,3P,2P,2PA,2P,eFG%,FT,FTA,FT%,ORB,DRB,TRB,AST,STL,BLK,TOV,PF,PTS
1,Quincy Acy,PF,24,NYK,68,22,1287,152,331,.459,18,60,.300,134,271,.494,.486,76,97,.784,79,222,301,68,27,22,60,147,398
2,Jordan Adams,SG,20,MEM,30,0,248,35,86,.407,10,25,.400,25,61,.410,.465,14,23,.609,9,19,28,16,16,7,14,24,94
3,Steven Adams,C,21,OKC,70,67,1771,217,399,.544,0,2,.000,217,397,.547,.544,103,205,.502,199,324,523,66,38,86,99,222,537
4,Jeff Adrien,PF,28,MIN,17,0,215,19,44,.432,0,0,,19,44,.432,.432,22,38,.579,23,54,77,15,4,9,9,30,60
5,Arron Afflalo,SG,29,(Multiple),78,72,2502,375,884,.424,118,333,.354,257,551,.466,.491,167,198,.843,27,220,247,129,41,7,116,167,1035
6,Alexis Ajinca,C,26,NOP,68,8,957,181,329,.550,0,0,,181,329,.550,.550,81,99,.818,104,211,315,47,21,51,69,151,443
7,Furkan Aldemir,PF,23,PHI,41,9,540,40,78,.513,0,5,.000,40,73,.548,.513,13,27,.481,78,98,176,28,17,16,17,96,93
8,Cole Aldrich,C,26,NYK,61,16,976,144,301,.478,0,0,,144,301,.478,.478,50,64,.781,101,237,338,75,37,65,59,122,338
9,LaMarcus Aldridge,PF,29,POR,71,71,2512,659,1415,.466,37,105,.352,622,1310,.475,.479,306,362,.845,177,549,726,124,48,68,122,125,1661
10,Lavoy Allen,PF,25,IND,63,0,1070,141,299,.472,0,0,,141,299,.472,.472,33,47,.702,123,200,323,73,15,42,40,102,315
11,Tony Allen,SG,33,MEM,63,41,1648,225,455,.495,10,29,.345,215,426,.505,.505,79,126,.627,103,177,280,86,129,30,86,166,539
12,Al-Farouq Aminu,SF,24,DAL,74,3,1366,147,357,.412,34,124,.274,113,233,.485,.459,84,118,.712,114,228,342,59,70,62,55,137,412
13,Louis Amundson,PF,32,(Multiple),53,35,937,109,255,.427,0,1,.000,109,254,.429,.427,41,87,.471,94,174,268,70,22,52,62,126,259
14,Chris Andersen,C,36,MIA,60,20,1132,120,207,.580,4,13,.308,116,194,.598,.589,76,114,.667,76,223,299,43,26,61,40,88,320
15,Alan Anderson,SG,32,BRK,74,19,1744,195,440,.443,73,210,.348,122,230,.530,.526,82,101,.812,31,173,204,83,56,5,60,148,545
16,Kyle Anderson,SF,21,SAS,33,8,358,31,89,.348,3,11,.273,28,78,.359,.365,9,14,.643,5,67,72,28,15,7,10,28,74
17,Ryan Anderson,PF,26,NOP,61,5,1675,291,729,.399,122,359,.340,169,370,.457,.483,129,151,.854,108,187,295,55,33,20,62,113,833
18,Giannis Antetokounmpo,SG,20,MIL,81,71,2541,383,780,.491,7,44,.159,376,736,.511,.496,257,347,.741,100,442,542,207,73,85,173,254,1030
19,Carmelo Anthony,SF,30,NYK,40,40,1428,358,806,.444,61,179,.341,297,627,.474,.482,189,237,.797,72,192,264,122,40,17,89,87,966
20,Joel Anthony,C,32,DET,49,0,406,36,62,.581,0,0,,36,62,.581,.581,15,22,.682,32,61,93,5,12,49,12,55,87
21,Pero Antic,PF,32,ATL,63,3,1037,108,296,.365,52,173,.301,56,123,.455,.453,88,123,.715,58,131,189,49,18,14,49,132,356
22,Trevor Ariza,SF,29,HOU,82,82,2930,366,910,.402,194,555,.350,172,355,.485,.509,122,143,.853,77,382,459,209,152,17,141,186,1048
23,Darrell Arthur,PF,26,DEN,58,4,988,155,384,.404,26,110,.236,129,274,.471,.438,46,59,.780,53,118,171,57,48,26,47,146,382
24,Omer Asik,C,28,NOP,76,76,1982,213,412,.517,0,0,,213,412,.517,.517,131,225,.582,244,504,748,72,29,54,95,144,557
25,D.J. Augustin,PG,27,(Multiple),82,14,1964,258,647,.399,83,246,.337,175,401,.436,.463,178,205,.868,20,141,161,353,49,3,145,93,777
26,Jeff Ayres,PF,27,SAS,51,0,383,55,95,.579,0,0,,55,95,.579,.579,27,36,.750,37,80,117,14,8,8,26,60,137
27,Luke Babbitt,SF,25,NOP,63,19,830,92,192,.479,59,115,.513,33,77,.429,.633,13,19,.684,12,99,111,24,17,11,26,63,256
28,Cameron Bairstow,PF,24,CHI,18,1,64,3,14,.214,0,0,,3,14,.214,.214,4,5,.800,6,2,8,1,2,1,3,8,10
29,Leandro Barbosa,SG,32,GSW,66,1,982,183,386,.474,43,112,.384,140,274,.511,.530,58,74,.784,23,68,91,99,41,8,44,87,467
30,Jose Barea,PG,30,DAL,77,10,1362,225,536,.420,54,167,.323,171,369,.463,.470,76,94,.809,23,111,134,263,33,1,70,104,580
31,Andrea Bargnani,C,29,NYK,29,22,785,164,361,.454,15,41,.366,149,320,.466,.475,87,107,.813,32,95,127,46,2,27,42,53,430
32,Harrison Barnes,SF,22,GSW,82,82,2318,316,656,.482,87,215,.405,229,441,.519,.548,108,150,.720,117,336,453,116,61,19,71,146,827
33,Matt Barnes,SF,34,LAC,76,74,2271,277,624,.444,136,376,.362,141,248,.569,.553,74,95,.779,51,251,302,114,67,50,87,240,764
34,Earl Barron,C,33,PHO,16,1,143,12,39,.308,2,4,.500,10,35,.286,.333,6,12,.500,14,14,28,5,4,2,5,26,32
35,Will Barton,SG,24,(Multiple),58,0,983,150,353,.425,23,85,.271,127,268,.474,.458,74,94,.787,26,136,162,81,48,19,61,70,397
36,Brandon Bass,PF,29,BOS,82,43,1929,344,683,.504,9,32,.281,335,651,.515,.510,169,214,.790,139,259,398,104,41,32,83,140,866
37,Nicolas Batum,SF,26,POR,71,71,2380,240,600,.400,100,309,.324,140,291,.481,.483,84,98,.857,62,354,416,341,78,40,132,106,664
38,Jerryd Bayless,PG,26,MIL,77,4,1717,220,516,.426,37,120,.308,183,396,.462,.462,121,137,.883,22,189,211,233,59,12,133,163,598
39,Aron Baynes,C,28,SAS,70,17,1122,185,327,.566,1,4,.250,184,323,.570,.567,90,104,.865,109,209,318,35,16,22,65,162,461
40,Kent Bazemore,SG,25,ATL,75,10,1324,141,331,.426,48,132,.364,93,199,.467,.498,60,100,.600,21,201,222,78,52,33,73,127,390
41,Bradley Beal,SG,21,WAS,63,59,2107,363,851,.427,106,259,.409,257,592,.434,.489,130,166,.783,57,184,241,194,76,18,123,136,962
42,Michael Beasley,SF,26,MIA,24,1,505,92,212,.434,8,34,.235,84,178,.472,.453,20,26,.769,12,77,89,32,15,13,37,66,212
43,Marco Belinelli,SG,28,SAS,62,9,1388,199,470,.423,86,230,.374,113,240,.471,.515,84,99,.848,26,131,157,94,31,3,61,85,568
44,Jerrelle Benimon,PF,23,UTA,2,0,3,0,0,,0,0,,0,0,,,0,0,,1,2,3,0,0,0,1,0,0
45,Anthony Bennett,PF,21,MIN,57,3,894,125,297,.421,7,23,.304,118,274,.431,.433,41,64,.641,52,164,216,48,27,16,36,87,298
46,Patrick Beverley,PG,26,HOU,56,55,1727,204,532,.383,115,323,.356,89,209,.426,.492,45,60,.750,67,170,237,192,59,23,83,182,568
47,Sim Bhullar,C,22,SAC,3,0,3,1,2,.500,0,0,,1,2,.500,.500,0,0,,0,1,1,1,0,1,0,0,2
48,Bismack Biyombo,C,22,CHO,64,21,1243,101,186,.543,0,0,,101,186,.543,.543,102,175,.583,159,248,407,16,18,99,52,140,304
49,Tarik Black,C,23,(Multiple),63,39,1196,157,273,.575,0,1,.000,157,272,.577,.575,65,118,.551,142,226,368,42,19,24,48,158,379
50,DeJuan Blair,PF,25,WAS,29,0,180,26,57,.456,0,0,,26,57,.456,.456,4,6,.667,16,40,56,3,7,1,13,41,56
51,Steve Blake,PG,34,POR,81,0,1529,122,327,.373,77,219,.352,45,108,.417,.491,29,41,.707,16,121,137,288,41,5,104,118,350
52,Eric Bledsoe,PG,25,PHO,81,81,2800,468,1046,.447,88,272,.324,380,774,.491,.489,353,441,.800,72,351,423,493,127,45,274,189,1377
53,Vander Blue,SG,22,LAL,2,1,74,9,30,.300,2,10,.200,7,20,.350,.333,2,5,.400,2,7,9,8,3,0,6,4,22
54,Bojan Bogdanovic,SF,25,BRK,78,28,1854,261,576,.453,91,256,.355,170,320,.531,.532,87,106,.821,50,163,213,68,34,9,78,104,700
55,Andrew Bogut,C,30,GSW,67,65,1583,200,355,.563,0,0,,200,355,.563,.563,22,42,.524,141,402,543,180,39,113,106,188,422
56,Matt Bonner,PF,34,SAS,72,19,935,94,230,.409,46,126,.365,48,104,.462,.509,30,37,.811,29,86,115,47,10,12,11,65,264
57,Trevor Booker,PF,27,UTA,79,5,1564,226,464,.487,29,84,.345,197,380,.518,.518,86,148,.581,139,258,397,83,43,41,88,144,567
58,Carlos Boozer,PF,33,LAL,71,26,1692,371,743,.499,0,0,,371,743,.499,.499,94,150,.627,111,371,482,95,41,12,92,184,836
59,Chris Bosh,C,30,MIA,44,44,1556,343,745,.460,63,168,.375,280,577,.485,.503,179,232,.772,46,264,310,95,41,25,95,69,928
60,Avery Bradley,SG,24,BOS,77,77,2428,434,1012,.429,124,352,.352,310,660,.470,.490,79,100,.790,46,195,241,135,82,15,109,177,1071
61,Elton Brand,PF,35,ATL,36,4,486,42,95,.442,0,1,.000,42,94,.447,.442,12,23,.522,28,72,100,22,17,25,18,54,96
62,Corey Brewer,SF,28,(Multiple),80,17,2087,343,805,.426,63,235,.268,280,570,.491,.465,168,226,.743,80,217,297,173,114,19,131,173,917
63,Aaron Brooks,PG,30,CHI,82,21,1885,344,817,.421,121,313,.387,223,504,.442,.495,145,174,.833,32,134,166,261,54,15,157,189,954
64,Jabari Brown,SG,22,LAL,19,5,568,70,170,.412,23,62,.371,47,108,.435,.479,64,85,.753,3,33,36,40,12,2,32,33,227
65,Lorenzo Brown,PG,24,MIN,29,7,549,52,122,.426,6,28,.214,46,94,.489,.451,12,19,.632,14,56,70,90,28,6,30,49,122
66,Markel Brown,SG,23,BRK,47,29,781,76,210,.362,17,64,.266,59,146,.404,.402,47,57,.825,16,91,107,39,31,12,27,57,216
67,Shannon Brown,SG,29,MIA,5,2,89,7,19,.368,3,7,.429,4,12,.333,.447,3,4,.750,0,1,1,3,4,0,4,8,20
68,Kobe Bryant,SG,36,LAL,35,35,1207,266,713,.373,54,184,.293,212,529,.401,.411,196,241,.813,26,173,199,197,47,7,128,65,782
69,Chase Budinger,SF,26,MIN,67,4,1286,169,390,.433,52,143,.364,117,247,.474,.500,67,81,.827,33,165,198,64,44,10,49,72,457
70,Reggie Bullock,SF,23,(Multiple),36,2,338,24,70,.343,15,46,.326,9,24,.375,.450,6,9,.667,1,49,50,8,10,4,8,19,69
71,Trey Burke,PG,22,UTA,76,43,2288,370,1005,.368,124,390,.318,246,615,.400,.430,109,145,.752,31,173,204,328,65,15,124,119,973
72,Alec Burks,SG,23,UTA,27,27,899,121,300,.403,26,68,.382,95,232,.409,.447,106,129,.822,19,95,114,82,17,5,52,64,374
73,Caron Butler,SF,34,DET,78,21,1623,161,396,.407,83,219,.379,78,177,.441,.511,55,61,.902,21,175,196,79,43,4,49,120,460
74,Jimmy Butler,SG,25,CHI,65,65,2513,421,912,.462,73,193,.378,348,719,.484,.502,386,463,.834,114,265,379,212,114,36,93,108,1301
75,Rasual Butler,SF,35,WAS,75,1,1505,218,517,.422,91,235,.387,127,282,.450,.510,53,67,.791,27,170,197,63,29,22,48,98,580
76,Dwight Buycks,PG,25,LAL,6,0,123,18,40,.450,7,11,.636,11,29,.379,.538,9,10,.900,2,10,12,14,3,0,12,3,52
77,Will Bynum,SG,32,WAS,7,0,67,10,31,.323,0,9,.000,10,22,.455,.323,2,4,.500,2,4,6,18,1,1,8,9,22
78,Bruno Caboclo,SF,19,TOR,8,0,23,4,12,.333,2,3,.667,2,9,.222,.417,0,0,,1,1,2,0,0,1,4,3,10
79,Nick Calathes,SG,25,MEM,58,0,838,104,247,.421,11,43,.256,93,204,.456,.443,24,45,.533,19,87,106,146,63,5,61,100,243
80,Jose Calderon,PG,33,NYK,42,42,1270,147,354,.415,59,142,.415,88,212,.415,.499,29,32,.906,19,105,124,198,31,0,75,76,382
81,Kentavious Caldwell-Pope,SG,21,DET,82,82,2587,390,972,.401,153,444,.345,237,528,.449,.480,110,158,.696,46,209,255,109,93,18,94,161,1043
82,Isaiah Canaan,PG,23,(Multiple),47,21,938,146,378,.386,91,246,.370,55,132,.417,.507,49,60,.817,18,69,87,98,29,3,62,83,432
83,Clint Capela,C,20,HOU,12,0,90,14,29,.483,0,0,,14,29,.483,.483,4,23,.174,10,26,36,2,1,9,5,14,32
84,DeMarre Carroll,SF,28,ATL,70,69,2189,318,653,.487,120,304,.395,198,349,.567,.579,127,181,.702,99,273,372,118,94,17,75,154,883
85,Vince Carter,SG,38,MEM,66,1,1091,135,406,.333,69,232,.297,66,174,.379,.417,45,57,.789,27,106,133,79,43,14,43,102,384
86,Michael Carter-Williams,PG,23,(Multiple),66,63,2149,364,919,.396,36,153,.235,328,766,.428,.416,202,291,.694,64,289,353,442,111,30,253,167,966
87,Omri Casspi,SF,26,SAC,67,19,1416,209,427,.489,35,87,.402,174,340,.512,.530,140,191,.733,54,206,260,102,31,9,88,107,593
88,Mario Chalmers,PG,28,MIA,80,37,2368,267,663,.403,73,248,.294,194,415,.467,.458,206,266,.774,24,182,206,307,122,10,173,251,813
89,Tyson Chandler,C,32,DAL,75,75,2286,293,440,.666,0,0,,293,440,.666,.666,185,257,.720,294,570,864,84,42,91,105,169,771
90,Wilson Chandler,SF,27,DEN,78,75,2471,418,975,.429,139,406,.342,279,569,.490,.500,110,142,.775,96,379,475,134,58,29,110,231,1085
91,Will Cherry,PG,23,CLE,8,0,69,5,19,.263,2,9,.222,3,10,.300,.316,3,6,.500,1,4,5,8,6,1,4,10,15
92,Patrick Christopher,SG,26,UTA,4,1,29,3,12,.250,0,4,.000,3,8,.375,.250,0,0,,2,4,6,0,1,0,1,6,6
93,Earl Clark,PF,27,BRK,10,0,93,11,30,.367,4,14,.286,7,16,.438,.433,1,4,.250,1,22,23,3,3,4,6,12,27
94,Ian Clark,SG,23,(Multiple),30,0,192,19,55,.345,10,30,.333,9,25,.360,.436,9,9,1.000,4,12,16,12,9,3,9,20,57
95,Jordan Clarkson,PG,22,LAL,59,38,1476,267,596,.448,38,121,.314,229,475,.482,.480,131,158,.829,56,135,191,206,51,12,96,109,703
96,Victor Claver,SF,26,POR,10,0,76,9,20,.450,6,11,.545,3,9,.333,.600,0,0,,3,17,20,1,1,1,4,12,24
97,Norris Cole,PG,26,(Multiple),75,25,1831,230,558,.412,55,176,.313,175,382,.458,.461,58,81,.716,13,146,159,255,57,15,99,124,573
98,Darren Collison,PG,27,SAC,45,45,1565,260,550,.473,60,161,.373,200,389,.514,.527,145,184,.788,19,124,143,252,67,14,112,95,725
99,Nick Collison,PF,34,OKC,66,2,1101,106,253,.419,16,60,.267,90,193,.466,.451,45,65,.692,90,160,250,90,35,25,45,156,273
100,Mike Conley,PG,27,MEM,70,70,2225,393,882,.446,107,277,.386,286,605,.473,.506,214,249,.859,29,180,209,375,89,14,156,139,1107
101,Jack Cooley,PF,23,UTA,16,0,87,9,22,.409,0,0,,9,22,.409,.409,9,21,.429,10,15,25,1,6,3,3,23,27
102,Chris Copeland,SF,30,IND,50,12,828,112,310,.361,52,167,.311,60,143,.420,.445,33,45,.733,23,88,111,51,11,11,59,78,309
103,Bryce Cotton,PG,22,UTA,15,0,159,29,69,.420,7,20,.350,22,49,.449,.471,15,18,.833,3,15,18,15,4,0,12,6,80
104,DeMarcus Cousins,C,24,SAC,59,59,2013,498,1066,.467,2,8,.250,496,1058,.469,.468,423,541,.782,185,562,747,210,90,103,254,241,1421
105,Robert Covington,SF,24,PHI,70,49,1956,299,756,.396,167,446,.374,132,310,.426,.506,178,217,.820,65,251,316,105,97,31,128,189,943
106,Allen Crabbe,SG,22,POR,51,9,683,63,153,.412,30,85,.353,33,68,.485,.510,12,16,.750,7,66,73,39,19,15,15,74,168
107,Jamal Crawford,SG,34,LAC,64,4,1703,332,839,.396,119,364,.327,213,475,.448,.467,227,252,.901,18,106,124,158,59,14,92,108,1010
108,Jae Crowder,SF,24,(Multiple),82,17,1647,229,545,.420,61,208,.293,168,337,.499,.476,109,141,.773,72,221,293,94,72,25,49,137,628
109,Dante Cunningham,PF,27,NOP,66,27,1652,155,339,.457,1,10,.100,154,329,.468,.459,29,47,.617,70,186,256,50,46,37,35,101,340
110,Jared Cunningham,SG,23,LAC,19,0,89,12,33,.364,4,13,.308,8,20,.400,.424,7,13,.538,1,8,9,10,3,0,7,12,35
111,Seth Curry,PG,24,PHO,2,0,8,0,3,.000,0,1,.000,0,2,.000,.000,0,0,,0,2,2,1,0,0,0,2,0
112,Stephen Curry,PG,26,GSW,80,80,2613,653,1341,.487,286,646,.443,367,695,.528,.594,308,337,.914,56,285,341,619,163,16,249,158,1900
113,Samuel Dalembert,C,33,NYK,32,21,544,57,130,.438,0,0,,57,130,.438,.438,14,20,.700,53,115,168,29,14,41,39,70,128
114,Troy Daniels,SG,23,(Multiple),47,0,397,61,165,.370,43,118,.364,18,47,.383,.500,11,13,.846,8,25,33,22,6,1,20,40,176
115,Luigi Datome,SF,27,(Multiple),21,1,209,43,89,.483,18,40,.450,25,49,.510,.584,1,1,1.000,3,26,29,9,2,7,9,15,105
116,Brandon Davies,PF,23,(Multiple),27,6,423,55,137,.401,8,34,.235,47,103,.456,.431,24,37,.649,38,45,83,30,18,7,29,59,142
117,Anthony Davis,PF,21,NOP,68,68,2455,642,1199,.535,1,12,.083,641,1187,.540,.536,371,461,.805,173,523,696,149,100,200,95,141,1656
118,Ed Davis,PF,25,LAL,79,24,1840,282,469,.601,0,0,,282,469,.601,.601,92,189,.487,230,370,600,94,49,98,58,202,656
119,Glen Davis,PF,29,LAC,74,0,904,117,255,.459,0,4,.000,117,251,.466,.459,60,95,.632,43,126,169,39,41,21,39,132,294
120,Andre Dawkins,SG,23,MIA,4,0,22,1,6,.167,1,6,.167,0,0,,.250,0,0,,0,2,2,1,0,0,1,3,3
121,Austin Daye,SF,26,(Multiple),34,4,344,50,141,.355,24,71,.338,26,70,.371,.440,5,6,.833,10,65,75,17,12,5,23,39,129
122,Dewayne Dedmon,C,25,ORL,59,15,845,91,162,.562,0,1,.000,91,161,.565,.562,34,64,.531,118,177,295,9,16,50,51,141,216
123,Matthew Dellavedova,SG,24,CLE,67,13,1380,111,307,.362,68,167,.407,43,140,.307,.472,29,38,.763,37,89,126,204,24,2,61,152,319
124,Luol Deng,SF,29,MIA,72,72,2421,369,787,.469,78,220,.355,291,567,.513,.518,191,251,.761,103,273,376,139,65,22,108,109,1007
125,DeMar DeRozan,SG,25,TOR,60,60,2100,409,990,.413,25,88,.284,384,902,.426,.426,361,434,.832,41,236,277,210,73,11,137,122,1204
126,Boris Diaw,PF,32,SAS,81,15,1984,291,632,.460,54,169,.320,237,463,.512,.503,72,93,.774,78,270,348,233,36,23,126,148,708
127,Gorgui Dieng,C,25,MIN,73,49,2193,259,512,.506,1,6,.167,258,506,.510,.507,191,244,.783,223,386,609,146,71,126,126,188,710
128,Spencer Dinwiddie,PG,21,DET,34,1,455,51,169,.302,12,65,.185,39,104,.375,.337,31,34,.912,4,44,48,104,19,6,33,53,145
129,Joey Dorsey,PF,31,HOU,69,17,854,80,145,.552,0,1,.000,80,144,.556,.552,24,83,.289,103,176,279,25,40,25,41,157,184
130,Toney Douglas,PG,28,NOP,12,0,177,19,51,.373,5,18,.278,14,33,.424,.422,8,13,.615,2,20,22,24,11,4,10,20,51
131,Chris Douglas-Roberts,SG,28,LAC,12,0,103,5,21,.238,1,7,.143,4,14,.286,.262,8,8,1.000,1,11,12,4,1,0,0,14,19
132,Goran Dragic,SG-PG,28,(Multiple),78,78,2640,502,1002,.501,90,259,.347,412,743,.555,.546,181,234,.774,81,193,274,350,78,15,173,195,1275
133,Zoran Dragic,SG,25,(Multiple),16,1,75,11,30,.367,3,14,.214,8,16,.500,.417,3,5,.600,5,3,8,5,2,0,5,6,28
134,Larry Drew,PG,24,PHI,12,1,219,20,58,.345,4,26,.154,16,32,.500,.379,2,3,.667,1,14,15,45,6,0,25,13,46
135,Andre Drummond,C,21,DET,82,82,2502,494,961,.514,0,2,.000,494,959,.515,.514,142,365,.389,437,667,1104,55,73,153,120,285,1130
136,Jared Dudley,SG,29,MIL,72,22,1717,198,423,.468,74,192,.385,124,231,.537,.556,48,67,.716,45,175,220,130,72,11,62,113,518
137,Tim Duncan,PF,38,SAS,77,77,2227,419,819,.512,2,7,.286,417,812,.514,.513,230,311,.740,170,534,704,230,63,151,131,165,1070
138,Mike Dunleavy,SF,34,CHI,63,63,1838,209,481,.435,107,263,.407,102,218,.468,.546,70,87,.805,28,220,248,114,39,21,60,123,595
139,Kevin Durant,SF,26,OKC,27,27,913,238,467,.510,64,159,.403,174,308,.565,.578,146,171,.854,16,162,178,110,24,25,74,40,686
140,Cleanthony Early,SF,23,NYK,39,7,647,76,214,.355,22,84,.262,54,130,.415,.407,36,48,.750,22,75,97,36,24,12,40,57,210
141,Wayne Ellington,SG,27,LAL,65,36,1675,254,617,.412,90,243,.370,164,374,.439,.485,52,64,.813,31,179,210,105,33,2,50,77,650
142,Monta Ellis,SG,29,DAL,80,80,2699,602,1354,.445,81,284,.285,521,1070,.487,.475,228,303,.752,34,156,190,329,148,25,198,197,1513
143,James Ennis,SF,24,MIA,62,3,1051,101,247,.409,31,95,.326,70,152,.461,.472,79,94,.840,51,125,176,48,25,17,39,89,312
144,Tyler Ennis,PG,20,(Multiple),33,1,411,52,144,.361,12,43,.279,40,101,.396,.403,5,7,.714,7,28,35,73,18,5,42,36,121
145,Jeremy Evans,SF,27,UTA,38,0,266,32,58,.552,2,5,.400,30,53,.566,.569,24,29,.828,26,45,71,13,11,12,5,29,90
146,Reggie Evans,PF,34,SAC,47,7,764,58,137,.423,0,2,.000,58,135,.430,.423,60,97,.619,97,202,299,32,22,5,45,91,176
147,Tyreke Evans,SF,25,NOP,79,76,2690,521,1165,.447,69,227,.304,452,938,.482,.477,202,291,.694,82,334,416,521,100,37,246,198,1313
148,Dante Exum,PG,19,UTA,82,41,1817,145,416,.349,83,264,.314,62,152,.408,.448,20,32,.625,27,104,131,198,41,14,118,147,393
149,Festus Ezeli,C,25,GSW,46,7,504,76,139,.547,0,0,,76,139,.547,.547,49,78,.628,60,95,155,9,7,42,32,77,201
150,Kenneth Faried,PF,25,DEN,75,71,2086,373,736,.507,1,8,.125,372,728,.511,.507,199,288,.691,242,426,668,89,62,57,118,211,946
151,Jordan Farmar,PG,28,LAC,36,0,529,61,158,.386,35,97,.361,26,61,.426,.497,10,11,.909,8,34,42,67,20,5,32,52,167
152,Derrick Favors,PF,23,UTA,74,74,2280,482,918,.525,1,6,.167,481,912,.527,.526,222,332,.669,196,411,607,112,60,123,121,210,1187
153,Raymond Felton,PG,30,DAL,29,3,281,43,106,.406,10,34,.294,33,72,.458,.453,12,15,.800,2,24,26,41,11,4,18,17,108
154,Landry Fields,SF,26,TOR,26,9,216,20,41,.488,1,2,.500,19,39,.487,.500,5,6,.833,10,16,26,15,11,0,8,9,46
155,Evan Fournier,SG,22,ORL,58,32,1661,253,575,.440,85,225,.378,168,350,.480,.514,107,147,.728,28,125,153,120,40,2,82,116,698
156,Randy Foye,SG,31,DEN,50,21,1087,148,402,.368,94,263,.357,54,139,.388,.485,45,55,.818,9,76,85,119,34,11,60,97,435
157,Jamaal Franklin,SG,23,DEN,3,0,13,1,2,.500,1,2,.500,0,0,,.750,0,0,,1,1,2,3,0,1,3,4,3
158,Tim Frazier,PG,24,(Multiple),11,3,239,21,61,.344,5,17,.294,16,44,.364,.385,10,21,.476,6,22,28,60,8,0,25,26,57
159,Jimmer Fredette,PG,25,NOP,50,0,509,63,166,.380,9,48,.188,54,118,.458,.407,43,45,.956,8,32,40,58,15,2,33,43,178
160,Joel Freeland,C,27,POR,48,8,617,74,151,.490,0,0,,74,151,.490,.490,21,25,.840,62,129,191,16,9,23,23,93,169
161,Channing Frye,PF,31,ORL,75,51,1870,191,487,.392,136,346,.393,55,141,.390,.532,31,35,.886,27,266,293,94,47,39,78,191,549
162,Danilo Gallinari,SF,26,DEN,59,27,1426,228,568,.401,107,301,.355,121,267,.453,.496,171,191,.895,31,187,218,83,47,20,57,94,734
163,Langston Galloway,PG,23,NYK,45,41,1457,204,511,.399,62,176,.352,142,335,.424,.460,63,78,.808,37,153,190,150,52,12,61,129,533
164,Francisco Garcia,SF,33,HOU,14,0,200,17,63,.270,10,45,.222,7,18,.389,.349,1,4,.250,3,14,17,15,9,5,10,20,45
165,Kevin Garnett,PF,38,(Multiple),47,47,952,143,306,.467,1,7,.143,142,299,.475,.469,36,45,.800,48,263,311,77,46,17,46,109,323
166,Marc Gasol,C,30,MEM,81,81,2687,530,1072,.494,3,17,.176,527,1055,.500,.496,350,440,.795,115,515,630,307,70,131,176,208,1413
167,Pau Gasol,PF,34,CHI,78,78,2681,570,1153,.494,12,26,.462,558,1127,.495,.500,294,366,.803,220,699,919,210,25,147,158,147,1446
168,Rudy Gay,SF,28,SAC,68,67,2408,508,1116,.455,79,220,.359,429,896,.479,.491,337,393,.858,98,301,399,250,71,41,183,157,1432
169,Alonzo Gee,SF,27,(Multiple),54,2,662,87,186,.468,13,35,.371,74,151,.490,.503,54,77,.701,37,57,94,25,35,7,33,58,241
170,Paul George,SF,24,IND,6,0,91,18,49,.367,9,22,.409,9,27,.333,.459,8,11,.727,4,18,22,6,5,1,12,11,53
171,Taj Gibson,PF,29,CHI,62,17,1692,254,506,.502,0,0,,254,506,.502,.502,132,184,.717,162,234,396,71,36,75,77,162,640
172,Manu Ginobili,SG,37,SAS,70,0,1587,251,589,.426,89,258,.345,162,331,.489,.502,147,204,.721,28,183,211,293,67,20,154,138,738
173,Rudy Gobert,C,22,UTA,82,37,2158,258,427,.604,0,2,.000,258,425,.607,.604,170,273,.623,265,510,775,109,64,189,111,175,686
174,Drew Gooden,PF,33,WAS,51,7,864,110,276,.399,23,59,.390,87,217,.401,.440,34,44,.773,72,151,223,49,21,9,28,91,277
175,Archie Goodwin,SG,20,PHO,41,2,535,79,201,.393,12,41,.293,67,160,.419,.423,61,83,.735,27,47,74,44,18,9,48,55,231
176,Aaron Gordon,PF,19,ORL,47,8,797,93,208,.447,13,48,.271,80,160,.500,.478,44,61,.721,46,123,169,33,21,22,38,83,243
177,Ben Gordon,SG,31,ORL,56,0,790,129,295,.437,35,97,.361,94,198,.475,.497,56,67,.836,6,57,63,50,14,1,55,60,349
178,Drew Gordon,C,24,PHI,9,0,71,8,19,.421,0,3,.000,8,16,.500,.421,1,2,.500,7,11,18,2,1,0,8,7,17
179,Eric Gordon,SG,26,NOP,61,60,2018,285,694,.411,141,315,.448,144,379,.380,.512,107,133,.805,28,131,159,229,50,14,122,145,818
180,Marcin Gortat,C,30,WAS,82,82,2453,439,775,.566,0,3,.000,439,772,.569,.566,123,175,.703,180,537,717,97,49,110,100,191,1001
181,Danny Granger,SF,31,MIA,30,6,613,65,162,.401,30,84,.357,35,78,.449,.494,28,37,.757,20,60,80,17,13,6,24,67,188
182,Jerami Grant,SF,20,PHI,65,11,1377,124,352,.352,49,156,.314,75,196,.383,.422,114,193,.591,49,149,198,79,40,68,85,144,411
183,Danny Green,SG,27,SAS,81,80,2312,322,738,.436,191,457,.418,131,281,.466,.566,111,127,.874,54,289,343,158,101,87,93,163,946
184,Draymond Green,SF,24,GSW,79,79,2490,339,765,.443,111,329,.337,228,436,.523,.516,132,200,.660,114,533,647,291,123,99,133,253,921
185,Erick Green,PG,23,DEN,43,1,410,61,162,.377,14,47,.298,47,115,.409,.420,10,12,.833,7,24,31,39,12,0,14,26,146
186,Gerald Green,SG,29,PHO,74,4,1446,324,778,.416,137,387,.354,187,391,.478,.504,99,120,.825,33,153,186,91,42,12,104,145,884
187,JaMychal Green,PF,24,(Multiple),24,1,164,27,47,.574,0,6,.000,27,41,.659,.574,8,10,.800,19,26,45,4,5,5,14,25,62
188,Jeff Green,SF,28,(Multiple),78,70,2454,416,967,.430,97,292,.332,319,675,.473,.480,239,287,.833,64,264,328,134,53,34,108,147,1168
189,Willie Green,SG,33,ORL,52,2,951,118,306,.386,42,121,.347,76,185,.411,.454,28,34,.824,14,65,79,68,26,5,48,81,306
190,Blake Griffin,PF,25,LAC,67,67,2356,574,1144,.502,10,25,.400,564,1119,.504,.506,311,427,.728,126,382,508,354,63,35,152,196,1469
191,Jorge Gutierrez,PG,26,(Multiple),20,1,175,22,41,.537,0,3,.000,22,38,.579,.537,9,13,.692,5,20,25,22,6,0,12,25,53
192,P.J. Hairston,SG,22,CHO,45,2,687,87,269,.323,49,163,.301,38,106,.358,.414,31,36,.861,22,70,92,21,21,13,22,61,254
193,Jordan Hamilton,SF,24,LAC,14,2,122,14,35,.400,10,21,.476,4,14,.286,.543,0,0,,2,14,16,7,2,0,4,14,38
194,Justin Hamilton,C,24,(Multiple),41,14,712,85,178,.478,10,31,.323,75,147,.510,.506,39,47,.830,57,77,134,36,27,30,26,70,219
195,Tyler Hansbrough,PF,29,TOR,74,8,1058,86,165,.521,1,7,.143,85,158,.538,.524,97,139,.698,106,159,265,21,30,15,20,141,270
196,Tim Hardaway,SG,22,NYK,70,30,1681,279,717,.389,121,354,.342,158,363,.435,.474,125,156,.801,12,144,156,127,20,14,82,119,804
197,James Harden,SG,25,HOU,81,81,2981,647,1470,.440,208,555,.375,439,915,.480,.511,715,824,.868,75,384,459,565,154,60,321,208,2217
198,Maurice Harkless,SF,21,ORL,45,4,674,63,158,.399,10,56,.179,53,102,.520,.430,22,41,.537,38,68,106,25,32,9,27,66,158
199,Devin Harris,PG,31,DAL,76,3,1685,219,524,.418,95,266,.357,124,258,.481,.509,132,162,.815,13,122,135,237,78,14,85,147,665
200,Gary Harris,SG,20,DEN,55,6,719,66,217,.304,21,103,.204,45,114,.395,.353,35,47,.745,21,43,64,29,39,7,38,71,188
201,Joe Harris,SG,23,CLE,51,1,493,48,120,.400,31,84,.369,17,36,.472,.529,9,15,.600,7,34,41,26,7,2,27,62,136
202,Tobias Harris,SF,22,ORL,68,63,2369,442,949,.466,87,239,.364,355,710,.500,.512,193,245,.788,73,357,430,124,69,36,115,134,1164
203,Udonis Haslem,PF,34,MIA,62,25,995,107,239,.448,2,10,.200,105,229,.459,.452,45,64,.703,71,187,258,46,21,13,41,113,261
204,Spencer Hawes,PF,26,LAC,73,15,1274,163,415,.393,55,176,.313,108,239,.452,.459,44,68,.647,30,228,258,88,24,53,61,173,425
205,Chuck Hayes,C,31,TOR,29,0,255,22,46,.478,0,0,,22,46,.478,.478,6,11,.545,18,33,51,20,10,4,8,37,50
206,Gordon Hayward,SF,24,UTA,76,76,2618,484,1087,.445,120,330,.364,364,757,.481,.500,375,462,.812,54,319,373,313,108,30,206,131,1463
207,Brendan Haywood,C,35,CLE,22,1,119,14,30,.467,0,0,,14,30,.467,.467,7,13,.538,6,23,29,2,2,10,10,17,35
208,Gerald Henderson,SG,27,CHO,80,72,2315,370,847,.437,45,136,.331,325,711,.457,.463,184,217,.848,36,237,273,206,51,22,110,135,969
209,Xavier Henry,SF,23,LAL,9,0,86,3,13,.231,0,0,,3,13,.231,.231,14,24,.583,2,2,4,3,3,0,3,6,20
210,John Henson,C,24,MIL,67,11,1228,196,346,.566,0,0,,196,346,.566,.566,78,137,.569,124,188,312,59,28,135,87,152,470
211,Roy Hibbert,C,28,IND,76,76,1926,317,710,.446,0,2,.000,317,708,.448,.446,168,204,.824,156,384,540,84,18,125,107,216,802
212,J.J. Hickson,C,26,DEN,73,8,1411,218,459,.475,0,2,.000,218,457,.477,.475,116,201,.577,150,302,452,57,36,35,96,136,552
213,Nene Hilario,PF,32,WAS,67,58,1693,307,601,.511,1,5,.200,306,596,.513,.512,122,202,.604,84,261,345,123,66,22,124,180,737
214,George Hill,PG,28,IND,43,36,1267,255,535,.477,69,193,.358,186,342,.544,.541,113,143,.790,25,154,179,220,44,14,69,111,692
215,Jordan Hill,C,27,LAL,70,57,1874,357,777,.459,3,11,.273,354,766,.462,.461,124,168,.738,174,382,556,103,34,52,106,164,841
216,Solomon Hill,SF,23,IND,82,78,2381,251,634,.396,68,208,.327,183,426,.430,.450,159,193,.824,70,244,314,184,66,18,115,177,729
217,Kirk Hinrich,SG,34,CHI,66,22,1610,142,381,.373,58,168,.345,84,213,.394,.449,35,50,.700,20,101,121,148,46,14,73,144,377
218,Jrue Holiday,PG,24,NOP,40,37,1303,238,534,.446,51,135,.378,187,399,.469,.493,65,76,.855,32,103,135,274,63,23,91,110,592
219,Justin Holiday,SG,25,GSW,59,4,657,91,235,.387,35,109,.321,56,126,.444,.462,37,45,.822,12,61,73,48,40,12,29,54,254
220,Ryan Hollins,C,30,SAC,46,9,441,53,82,.646,0,0,,53,82,.646,.646,31,54,.574,36,67,103,14,6,19,25,65,137
221,Rodney Hood,SG,22,UTA,50,21,1064,155,374,.414,62,170,.365,93,204,.456,.497,61,80,.763,9,108,117,83,30,12,45,119,433
222,Al Horford,C,28,ATL,76,76,2318,519,965,.538,11,36,.306,508,929,.547,.544,107,141,.759,131,413,544,244,68,98,100,121,1156
223,Dwight Howard,C,29,HOU,41,41,1223,251,423,.593,1,2,.500,250,421,.594,.595,143,271,.528,110,321,431,50,28,53,115,137,646
224,Lester Hudson,SG,30,LAC,5,0,56,6,14,.429,3,6,.500,3,8,.375,.536,3,4,.750,1,7,8,5,6,1,3,4,18
225,Robbie Hummel,SF,25,MIN,45,4,742,79,172,.459,16,51,.314,63,121,.521,.506,24,29,.828,31,103,134,27,16,9,18,86,198
226,Kris Humphries,PF,29,WAS,64,17,1345,211,446,.473,0,7,.000,211,439,.481,.473,87,117,.744,118,298,416,57,34,25,46,130,509
227,Serge Ibaka,PF,25,OKC,64,64,2116,374,786,.476,77,205,.376,297,581,.511,.525,92,110,.836,135,364,499,55,30,155,97,194,917
228,Andre Iguodala,SG,31,GSW,77,0,2069,231,496,.466,74,212,.349,157,284,.553,.540,68,114,.596,44,213,257,228,89,25,88,100,604
229,Ersan Ilyasova,PF,27,MIL,58,36,1319,263,557,.472,74,190,.389,189,367,.515,.539,69,107,.645,80,197,277,56,36,19,45,149,669
230,Joe Ingles,SF,27,UTA,79,32,1673,147,354,.415,72,202,.356,75,152,.493,.517,30,40,.750,22,153,175,182,72,10,98,124,396
231,Kyrie Irving,PG,22,CLE,75,75,2730,578,1235,.468,157,378,.415,421,857,.491,.532,315,365,.863,55,182,237,389,114,20,186,146,1628
232,Jarrett Jack,PG,31,BRK,80,27,2241,359,817,.439,39,146,.267,320,671,.477,.463,200,227,.881,19,226,245,373,75,13,191,143,957
233,Reggie Jackson,PG,24,(Multiple),77,40,2268,432,996,.434,72,241,.299,360,755,.477,.470,181,218,.830,56,271,327,462,62,9,186,167,1117
234,Bernard James,C,29,DAL,16,2,158,12,27,.444,0,0,,12,27,.444,.444,20,23,.870,18,21,39,4,2,15,6,17,44
235,LeBron James,SF,30,CLE,69,69,2493,624,1279,.488,120,339,.354,504,940,.536,.535,375,528,.710,51,365,416,511,109,49,272,135,1743
236,Al Jefferson,C,30,CHO,65,61,1992,486,1010,.481,2,5,.400,484,1005,.482,.482,108,165,.655,99,449,548,113,47,84,68,139,1082
237,Cory Jefferson,PF,24,BRK,50,1,531,75,167,.449,2,15,.133,73,152,.480,.455,31,54,.574,47,98,145,16,10,21,20,61,183
238,Richard Jefferson,SF,34,DAL,74,18,1244,144,324,.444,66,155,.426,78,169,.462,.546,78,114,.684,25,158,183,61,32,11,52,115,432
239,John Jenkins,SG,23,ATL,24,3,297,49,99,.495,21,52,.404,28,47,.596,.601,16,19,.842,2,37,39,13,10,0,8,15,135
240,Brandon Jennings,PG,25,DET,41,41,1173,218,543,.401,76,211,.360,142,332,.428,.471,120,143,.839,21,83,104,272,44,4,90,64,632
241,Jonas Jerebko,PF,27,(Multiple),75,0,1230,169,379,.446,54,140,.386,115,239,.481,.517,56,66,.848,93,189,282,71,46,18,44,135,448
242,Grant Jerrett,PF,21,(Multiple),8,0,51,7,26,.269,1,15,.067,6,11,.545,.288,1,1,1.000,2,7,9,3,2,2,3,11,16
243,Amir Johnson,PF,27,TOR,75,72,1979,298,519,.574,19,46,.413,279,473,.590,.592,79,129,.612,159,297,456,117,44,59,110,225,694
244,Chris Johnson,SF,24,(Multiple),29,2,526,62,154,.403,28,95,.295,34,59,.576,.494,14,16,.875,8,47,55,15,26,7,15,44,166
245,James Johnson,PF,27,TOR,70,17,1370,238,404,.589,11,51,.216,227,353,.643,.603,67,102,.657,61,196,257,95,54,70,79,155,554
246,Joe Johnson,SG,33,BRK,80,80,2791,446,1025,.435,121,337,.359,325,688,.472,.494,141,176,.801,53,331,384,292,59,14,137,120,1154
247,Nick Johnson,SG,22,HOU,28,0,262,26,75,.347,5,21,.238,21,54,.389,.380,17,25,.680,13,26,39,11,7,3,19,34,74
248,Tyler Johnson,SG,22,MIA,32,2,603,70,167,.419,18,48,.375,52,119,.437,.473,32,47,.681,14,67,81,42,33,9,30,42,190
249,Wesley Johnson,SF,27,LAL,76,59,2245,286,691,.414,91,259,.351,195,432,.451,.480,90,112,.804,67,252,319,124,59,45,87,162,753
250,Dahntay Jones,SF,34,LAC,33,0,123,6,21,.286,0,4,.000,6,17,.353,.286,9,11,.818,1,10,11,2,3,0,1,23,21
251,James Jones,SF,34,CLE,57,2,669,74,201,.368,63,175,.360,11,26,.423,.525,39,46,.848,9,53,62,24,13,8,13,67,250
252,Perry Jones,SF,23,OKC,43,13,631,73,184,.397,14,60,.233,59,124,.476,.435,24,37,.649,6,70,76,18,17,8,24,50,184
253,Terrence Jones,PF,23,HOU,33,24,889,158,299,.528,13,37,.351,145,262,.553,.550,57,94,.606,78,142,220,36,18,59,37,78,386
254,DeAndre Jordan,C,26,LAC,82,82,2820,379,534,.710,1,4,.250,378,530,.713,.711,187,471,.397,397,829,1226,61,81,183,109,245,946
255,Jerome Jordan,C,28,BRK,44,0,383,50,94,.532,0,0,,50,94,.532,.532,38,44,.864,52,53,105,13,8,15,22,58,138
256,Cory Joseph,PG,23,SAS,79,14,1444,207,411,.504,16,44,.364,191,367,.520,.523,105,143,.734,44,148,192,188,46,17,67,105,535
257,Chris Kaman,C,32,POR,74,13,1398,283,549,.515,0,0,,283,549,.515,.515,72,102,.706,149,335,484,65,18,54,108,140,638
258,Enes Kanter,C,22,(Multiple),75,74,2135,482,928,.519,16,45,.356,466,883,.528,.528,183,234,.782,277,394,671,55,36,29,145,189,1163
259,Sergey Karasev,SG,21,BRK,33,16,555,54,134,.403,16,54,.296,38,80,.475,.463,29,38,.763,22,44,66,46,23,1,24,45,153
260,Ryan Kelly,PF,23,LAL,52,34,1233,104,309,.337,45,134,.336,59,175,.337,.409,79,95,.832,13,133,146,92,30,24,37,118,332
261,Michael Kidd-Gilchrist,SF,21,CHO,55,52,1587,224,482,.465,0,0,,224,482,.465,.465,150,214,.701,109,307,416,77,30,38,63,115,598
262,Sean Kilpatrick,SG,25,MIN,4,0,72,7,20,.350,4,13,.308,3,7,.429,.450,4,4,1.000,1,5,6,4,3,0,2,3,22
263,Andrei Kirilenko,SF,33,BRK,7,0,36,0,5,.000,0,0,,0,5,.000,.000,3,4,.750,2,6,8,1,1,0,1,1,3
264,Alex Kirk,C,23,CLE,5,0,14,1,4,.250,0,0,,1,4,.250,.250,2,2,1.000,1,0,1,1,0,0,0,1,4
265,Brandon Knight,PG-SG,23,(Multiple),63,61,2035,375,888,.422,125,321,.389,250,567,.441,.493,195,223,.874,28,216,244,330,90,10,189,114,1070
266,Kyle Korver,SG,33,ATL,75,75,2418,292,600,.487,221,449,.492,71,151,.470,.671,106,118,.898,15,289,304,196,52,42,107,140,911
267,Kosta Koufos,C,25,MEM,81,3,1348,182,358,.508,0,0,,182,358,.508,.508,55,85,.647,121,305,426,37,29,63,69,148,419
268,Ognjen Kuzmic,C,24,GSW,16,0,72,8,12,.667,0,0,,8,12,.667,.667,4,4,1.000,7,10,17,6,2,1,5,13,20
269,Jeremy Lamb,SG,22,OKC,47,8,633,104,250,.416,38,111,.342,66,139,.475,.492,49,55,.891,8,99,107,44,21,6,27,52,295
270,Carl Landry,PF,31,SAC,70,15,1192,190,369,.515,0,0,,190,369,.515,.515,123,150,.820,99,169,268,26,15,17,54,132,503
271,Shane Larkin,PG,22,NYK,76,22,1865,187,432,.433,35,116,.302,152,316,.481,.473,61,78,.782,29,147,176,226,93,9,83,150,470
272,Joffrey Lauvergne,C,23,DEN,24,1,268,36,89,.404,3,16,.188,33,73,.452,.421,18,28,.643,27,50,77,13,8,10,22,43,93
273,Zach LaVine,PG,19,MIN,77,40,1902,286,677,.422,57,167,.341,229,510,.449,.465,149,177,.842,27,187,214,276,54,10,193,158,778
274,Ty Lawson,PG,27,DEN,75,75,2665,404,926,.436,70,205,.341,334,721,.463,.474,265,363,.730,42,192,234,720,92,9,185,128,1143
275,Ricky Ledo,SG,22,(Multiple),17,0,244,32,96,.333,10,27,.370,22,69,.319,.385,16,22,.727,16,20,36,19,6,1,26,21,90
276,Courtney Lee,SG,29,MEM,77,74,2354,288,643,.448,90,224,.402,198,419,.473,.518,111,129,.860,21,157,178,151,75,12,78,129,777
277,David Lee,PF,31,GSW,49,4,904,160,313,.511,0,2,.000,160,311,.514,.511,68,104,.654,81,176,257,85,31,26,49,83,388
278,Malcolm Lee,SG,24,PHI,1,0,2,0,1,.000,0,0,,0,1,.000,.000,0,0,,0,0,0,0,0,0,0,0,0
279,Alex Len,C,21,PHO,69,44,1518,179,353,.507,1,3,.333,178,350,.509,.508,73,104,.702,142,312,454,32,34,105,74,213,432
280,Kawhi Leonard,SF,23,SAS,64,64,2033,394,822,.479,67,192,.349,327,630,.519,.520,202,252,.802,85,376,461,161,148,48,97,128,1057
281,Meyers Leonard,C,22,POR,55,7,847,125,245,.510,47,112,.420,78,133,.586,.606,30,32,.938,46,204,250,32,10,14,39,113,327
282,Jon Leuer,PF,25,MEM,63,6,824,121,273,.443,7,29,.241,114,244,.467,.456,37,59,.627,50,157,207,46,17,9,35,86,286
283,Damian Lillard,PG,24,POR,82,82,2925,590,1360,.434,196,572,.343,394,788,.500,.506,344,398,.864,49,329,378,507,97,21,222,164,1720
284,Jeremy Lin,PG,26,LAL,74,30,1907,277,654,.424,65,176,.369,212,478,.444,.473,213,268,.795,26,170,196,339,82,32,166,189,832
285,Shaun Livingston,PG,29,GSW,78,2,1468,198,396,.500,0,2,.000,198,394,.503,.500,65,91,.714,43,140,183,259,49,20,102,110,461
286,Brook Lopez,C,26,BRK,72,44,2100,506,987,.513,1,10,.100,505,977,.517,.513,223,274,.814,214,321,535,50,43,126,104,206,1236
287,Robin Lopez,C,26,POR,59,59,1638,234,437,.535,0,1,.000,234,436,.537,.535,98,127,.772,190,204,394,55,16,84,73,122,566
288,Kevin Love,PF,26,CLE,75,75,2532,413,952,.434,144,392,.367,269,560,.480,.509,258,321,.804,142,589,731,168,51,39,122,140,1228
289,Kyle Lowry,PG,28,TOR,70,70,2414,430,1043,.412,132,391,.338,298,652,.457,.476,252,312,.808,54,274,328,473,109,13,173,212,1244
290,John Lucas,PG,32,DET,21,0,272,42,104,.404,9,29,.310,33,75,.440,.447,5,5,1.000,4,12,16,60,8,0,16,18,98
291,Kalin Lucas,PG,25,MEM,1,0,6,0,1,.000,0,0,,0,1,.000,.000,0,0,,0,0,0,0,1,0,0,1,0
292,Shelvin Mack,PG,24,ATL,55,0,833,117,292,.401,40,127,.315,77,165,.467,.469,25,31,.806,8,71,79,155,30,2,49,32,299
293,Ian Mahinmi,C,28,IND,61,6,1146,117,212,.552,0,0,,117,212,.552,.552,31,102,.304,105,251,356,33,30,46,59,172,265
294,Devyn Marble,SG,22,ORL,16,7,208,14,44,.318,4,22,.182,10,22,.455,.364,5,16,.313,5,26,31,17,9,2,9,14,37
295,Shawn Marion,SF,36,CLE,57,24,1101,119,267,.446,12,46,.261,107,221,.484,.468,26,34,.765,64,138,202,51,27,27,33,58,276
296,Kendall Marshall,PG,23,MIL,28,3,417,46,101,.455,18,46,.391,28,55,.509,.545,8,9,.889,2,26,28,86,21,0,35,26,118
297,Cartier Martin,SF,30,DET,23,0,198,15,53,.283,6,33,.182,9,20,.450,.340,0,0,,0,20,20,11,3,1,5,20,36
298,Kenyon Martin,PF,37,MIL,11,0,104,9,22,.409,0,0,,9,22,.409,.409,2,2,1.000,6,13,19,5,5,6,3,13,20
299,Kevin Martin,SG,31,MIN,39,36,1302,267,625,.427,75,191,.393,192,434,.442,.487,170,193,.881,19,123,142,89,33,1,76,76,779
300,Wesley Matthews,SG,28,POR,60,60,2024,337,752,.448,173,445,.389,164,307,.534,.563,109,145,.752,38,184,222,139,77,10,81,132,956
301,Jason Maxiell,PF,31,CHO,61,0,878,81,192,.422,0,0,,81,192,.422,.422,41,71,.577,86,117,203,19,18,44,29,96,203
302,O.J. Mayo,SG,27,MIL,71,15,1697,296,701,.422,99,277,.357,197,424,.465,.493,115,139,.827,30,157,187,197,57,18,128,165,806
303,Luc Mbah a Moute,PF,28,PHI,67,61,1916,251,636,.395,62,202,.307,189,434,.435,.443,96,163,.589,82,246,328,106,81,21,99,104,660
304,James Michael McAdoo,PF,22,GSW,15,0,137,24,44,.545,0,0,,24,44,.545,.545,14,25,.560,15,22,37,2,5,9,6,21,62
305,Ray McCallum,PG,23,SAC,68,30,1436,206,470,.438,34,111,.306,172,359,.479,.474,57,84,.679,52,128,180,188,45,11,85,92,503
306,C.J. McCollum,SG,23,POR,62,3,973,159,365,.436,55,139,.396,104,226,.460,.511,51,73,.699,14,77,91,64,43,8,48,81,424
307,K.J. McDaniels,SG,21,(Multiple),62,15,1352,172,434,.396,43,150,.287,129,284,.454,.446,100,133,.752,65,135,200,72,44,70,105,126,487
308,Doug McDermott,SF,23,CHI,36,0,321,43,107,.402,13,41,.317,30,66,.455,.463,10,15,.667,6,37,43,6,4,1,17,29,109
309,Mitch McGary,PF,22,OKC,32,2,485,88,165,.533,0,2,.000,88,163,.540,.533,25,40,.625,53,112,165,14,16,16,31,72,201
310,JaVale McGee,C,27,(Multiple),23,0,256,42,79,.532,0,0,,42,79,.532,.532,22,33,.667,18,43,61,3,2,20,18,30,106
311,Ben McLemore,SG,21,SAC,82,82,2670,363,831,.437,140,391,.358,223,440,.507,.521,130,160,.813,31,210,241,140,77,19,138,219,996
312,Jerel McNeal,PG,27,PHO,6,0,36,3,11,.273,1,2,.500,2,9,.222,.318,2,2,1.000,0,3,3,2,3,1,5,5,9
313,Josh McRoberts,PF,27,MIA,17,4,296,28,53,.528,8,19,.421,20,34,.588,.604,8,13,.615,7,38,45,33,12,3,22,41,72
314,Jodie Meeks,SG,27,DET,60,0,1462,222,534,.416,74,212,.349,148,322,.460,.485,145,160,.906,12,92,104,79,59,6,57,76,663
315,Gal Mekel,PG,26,NOP,4,0,43,3,20,.150,0,3,.000,3,17,.176,.150,0,0,,0,1,1,13,2,0,2,1,6
316,Khris Middleton,PF,23,MIL,79,58,2378,406,869,.467,109,268,.407,297,601,.494,.530,134,156,.859,48,299,347,182,122,11,113,183,1055
317,C.J. Miles,SG,27,IND,70,40,1841,329,827,.398,154,446,.345,175,381,.459,.491,130,161,.807,18,196,214,75,60,26,73,132,942
318,Andre Miller,PG,38,(Multiple),81,0,1253,145,290,.500,7,34,.206,138,256,.539,.512,58,77,.753,37,116,153,284,32,6,104,103,355
319,Darius Miller,SF,24,NOP,5,1,43,1,7,.143,0,1,.000,1,6,.167,.143,0,0,,0,1,1,2,1,0,1,8,2
320,Mike Miller,SF,34,CLE,52,15,701,37,114,.325,32,98,.327,5,16,.313,.465,3,4,.750,4,87,91,46,14,4,23,74,109
321,Quincy Miller,PF,22,(Multiple),10,0,119,9,38,.237,3,18,.167,6,20,.300,.276,8,11,.727,4,16,20,8,7,5,5,9,29
322,Patrick Mills,PG,26,SAS,51,0,801,128,336,.381,62,182,.341,66,154,.429,.473,33,40,.825,21,54,75,87,28,2,35,58,351
323,Elijah Millsap,SG,27,UTA,47,5,924,81,238,.340,28,90,.311,53,148,.358,.399,58,86,.674,28,122,150,58,56,16,67,124,248
324,Paul Millsap,PF,29,ATL,73,73,2390,443,930,.476,77,216,.356,366,714,.513,.518,255,337,.757,139,431,570,223,130,69,166,201,1218
325,Nikola Mirotic,PF,23,CHI,82,3,1654,253,624,.405,99,313,.316,154,311,.495,.485,228,284,.803,63,341,404,97,54,54,89,172,833
326,Nazr Mohammed,C,37,CHI,23,0,128,13,30,.433,0,0,,13,30,.433,.433,1,3,.333,11,27,38,3,4,5,7,16,27
327,Greg Monroe,PF,24,DET,69,57,2137,423,853,.496,0,0,,423,853,.496,.496,252,336,.750,229,475,704,142,78,34,149,148,1098
328,E'Twaun Moore,SG,25,CHI,56,0,504,62,139,.446,13,38,.342,49,101,.485,.493,12,20,.600,12,34,46,33,20,6,14,45,149
329,Eric Moreland,PF,23,SAC,3,0,2,1,1,1.000,0,0,,1,1,1.000,1.000,0,0,,0,1,1,0,0,0,0,1,2
330,Darius Morris,PG,24,BRK,38,0,299,36,106,.340,7,33,.212,29,73,.397,.373,4,9,.444,7,20,27,48,9,0,21,20,83
331,Marcus Morris,PF,25,PHO,81,35,2045,331,763,.434,112,313,.358,219,450,.487,.507,71,113,.628,73,312,385,133,63,16,73,188,845
332,Markieff Morris,PF,25,PHO,82,82,2581,512,1100,.465,57,179,.318,455,921,.494,.491,177,232,.763,110,396,506,192,101,39,170,245,1258
333,Anthony Morrow,SG,29,OKC,74,0,1806,285,615,.463,141,325,.434,144,290,.497,.578,79,89,.888,40,155,195,60,54,11,38,135,790
334,Donatas Motiejunas,PF,24,HOU,71,62,2037,353,700,.504,49,133,.368,304,567,.536,.539,100,166,.602,137,284,421,130,56,34,123,203,855
335,Timofey Mozgov,C,28,(Multiple),81,80,2045,314,566,.555,2,6,.333,312,560,.557,.557,155,216,.718,203,388,591,55,33,97,116,227,785
336,Shabazz Muhammad,SG,22,MIN,38,13,866,194,397,.489,20,51,.392,174,346,.503,.514,104,145,.717,63,91,154,44,18,7,35,49,512
337,Toure' Murry,SG-PG,25,(Multiple),5,0,18,2,5,.400,0,0,,2,5,.400,.400,2,2,1.000,1,0,1,1,1,0,4,2,6
338,Mike Muscala,PF,23,ATL,40,8,502,83,151,.550,9,22,.409,74,129,.574,.579,22,25,.880,52,67,119,25,16,19,21,52,197
339,Shabazz Napier,PG,23,MIA,51,10,1012,87,228,.382,43,118,.364,44,110,.400,.476,44,56,.786,17,96,113,130,40,4,81,76,261
340,Gary Neal,SG,30,(Multiple),54,1,1193,188,503,.374,50,164,.305,138,339,.407,.423,117,135,.867,14,115,129,100,23,1,65,88,543
341,Jameer Nelson,PG,32,(Multiple),63,29,1407,205,504,.407,89,258,.345,116,246,.472,.495,24,36,.667,33,113,146,253,47,6,109,136,523
342,Andrew Nicholson,PF,25,ORL,40,3,492,83,190,.437,13,41,.317,70,149,.470,.471,15,25,.600,17,65,82,22,6,12,24,51,194
343,Joakim Noah,C,29,CHI,67,67,2049,190,427,.445,0,2,.000,190,425,.447,.445,105,174,.603,219,427,646,312,48,74,123,203,485
344,Nerlens Noel,PF,20,PHI,75,71,2311,302,653,.462,0,0,,302,653,.462,.462,140,230,.609,185,426,611,128,133,142,146,208,744
345,Lucas Nogueira,C,22,TOR,6,0,23,2,8,.250,0,0,,2,8,.250,.250,2,4,.500,2,9,11,1,2,0,2,6,6
346,Steve Novak,SF-PF,31,(Multiple),35,0,197,22,56,.393,19,48,.396,3,8,.375,.563,0,2,.000,2,20,22,11,0,2,5,23,63
347,Dirk Nowitzki,PF,36,DAL,77,77,2282,487,1062,.459,104,274,.380,383,788,.486,.508,255,289,.882,44,413,457,143,39,33,82,160,1333
348,Jusuf Nurkic,C,20,DEN,62,27,1103,171,383,.446,0,2,.000,171,381,.449,.446,84,132,.636,125,257,382,50,52,68,86,207,426
349,Johnny O'Bryant,PF,21,MIL,34,15,368,44,120,.367,0,0,,44,120,.367,.367,12,27,.444,26,38,64,17,5,4,25,44,100
350,Kyle O'Quinn,PF,24,ORL,51,17,824,119,242,.492,12,43,.279,107,199,.538,.517,44,57,.772,46,153,199,59,31,39,55,110,294
351,Victor Oladipo,PG,22,ORL,72,71,2573,473,1086,.436,84,248,.339,389,838,.464,.474,262,320,.819,51,251,302,295,120,19,204,187,1292
352,Kelly Olynyk,C,23,BOS,64,13,1423,251,528,.475,61,175,.349,190,353,.538,.533,93,136,.684,92,211,303,109,64,39,98,213,656
353,Arinze Onuaku,C,27,MIN,6,1,68,12,14,.857,0,0,,12,14,.857,.857,3,8,.375,7,14,21,4,1,3,2,6,27
354,Zaza Pachulia,C,30,MIL,73,45,1730,240,529,.454,0,3,.000,240,526,.456,.454,126,160,.788,197,303,500,178,80,21,133,170,606
355,Kostas Papanikolaou,SF,24,HOU,43,1,795,69,197,.350,31,106,.292,38,91,.418,.429,13,18,.722,39,79,118,85,29,13,55,71,182
356,Jannero Pargo,PG,35,CHO,9,0,73,15,35,.429,9,22,.409,6,13,.462,.557,2,2,1.000,0,3,3,8,0,0,3,8,41
357,Jabari Parker,SF,19,MIL,25,25,738,129,263,.490,4,16,.250,125,247,.506,.498,46,66,.697,50,88,138,42,31,5,47,42,308
358,Tony Parker,PG,32,SAS,68,68,1953,404,832,.486,38,89,.427,366,743,.493,.508,130,166,.783,15,114,129,335,44,2,146,108,976
359,Chandler Parsons,SF,26,DAL,66,66,2186,383,829,.462,132,347,.380,251,482,.521,.542,139,193,.720,64,259,323,161,69,19,96,140,1037
360,Patrick Patterson,PF,25,TOR,81,4,2156,240,535,.449,105,283,.371,135,252,.536,.547,63,80,.788,127,306,433,155,60,44,54,149,648
361,Chris Paul,PG,29,LAC,82,82,2857,568,1170,.485,139,349,.398,429,821,.523,.545,289,321,.900,52,324,376,838,156,15,190,203,1564
362,Adreian Payne,PF,23,(Multiple),32,22,739,91,220,.414,1,9,.111,90,211,.427,.416,30,46,.652,48,114,162,30,19,9,44,88,213
363,Elfrid Payton,PG,20,ORL,82,63,2489,301,708,.425,11,42,.262,290,666,.435,.433,118,214,.551,107,242,349,533,142,20,203,193,731
364,Nikola Pekovic,C,29,MIN,31,29,815,139,328,.424,0,0,,139,328,.424,.424,108,129,.837,89,145,234,27,19,12,42,59,386
365,Kendrick Perkins,C,30,(Multiple),68,3,1148,102,227,.449,0,1,.000,102,226,.451,.449,42,83,.506,91,229,320,51,16,42,95,162,246
366,Paul Pierce,SF,37,WAS,73,73,1914,293,656,.447,118,303,.389,175,353,.496,.537,164,210,.781,45,249,294,144,46,24,92,160,868
367,Mason Plumlee,C,24,BRK,82,45,1743,280,489,.573,0,3,.000,280,486,.576,.573,157,317,.495,175,337,512,74,65,63,106,207,717
368,Miles Plumlee,C,26,(Multiple),73,28,1194,136,254,.535,0,0,,136,254,.535,.535,22,46,.478,112,208,320,34,41,66,51,111,294
369,Quincy Pondexter,SF-SG,26,(Multiple),75,30,1793,188,447,.421,91,244,.373,97,203,.478,.522,71,96,.740,53,142,195,94,19,24,51,150,538
370,Otto Porter,SF,21,WAS,74,13,1432,176,391,.450,35,104,.337,141,287,.491,.495,58,79,.734,70,151,221,65,44,30,52,97,445
371,Dwight Powell,PF,23,(Multiple),29,0,236,31,67,.463,3,11,.273,28,56,.500,.485,25,33,.758,18,32,50,9,9,6,11,40,90
372,Phil Pressey,PG,23,BOS,50,0,600,64,174,.368,16,65,.246,48,109,.440,.414,33,49,.673,13,67,80,117,30,6,41,54,177
373,A.J. Price,PG,28,(Multiple),26,0,324,51,137,.372,15,57,.263,36,80,.450,.427,16,24,.667,6,26,32,46,7,0,14,15,133
374,Ronnie Price,PG,31,LAL,43,20,982,77,223,.345,31,109,.284,46,114,.404,.415,36,45,.800,19,50,69,165,67,4,52,118,221
375,Pablo Prigioni,PG,37,(Multiple),67,3,1197,91,228,.399,57,166,.343,34,62,.548,.524,35,41,.854,30,89,119,171,79,1,62,88,274
376,Tayshaun Prince,SF,34,(Multiple),58,16,1397,177,402,.440,31,67,.463,146,335,.436,.479,49,65,.754,52,158,210,93,29,16,35,55,434
376,Tayshaun Prince,SF,34,DET,23,7,571,69,160,.431,11,26,.423,58,134,.433,.466,19,29,.655,25,72,97,38,15,8,16,26,168
377,Miroslav Raduljica,C,27,MIN,5,0,23,3,8,.375,0,0,,3,8,.375,.375,2,2,1.000,2,3,5,0,1,0,2,8,8
378,Julius Randle,PF,20,LAL,1,0,14,1,3,.333,0,0,,1,3,.333,.333,0,2,.000,0,0,0,0,0,0,1,1,2
379,Shavlik Randolph,PF,31,(Multiple),21,0,126,9,35,.257,0,5,.000,9,30,.300,.257,6,12,.500,16,22,38,4,5,3,3,16,24
380,Zach Randolph,PF,33,MEM,71,71,2304,454,932,.487,7,20,.350,447,912,.490,.491,228,298,.765,225,522,747,153,69,14,156,175,1143
381,J.J. Redick,SG,30,LAC,78,78,2409,447,938,.477,200,458,.437,247,480,.515,.583,183,203,.901,22,145,167,137,39,8,95,134,1277
382,Glen Rice,SG,24,WAS,5,0,43,3,15,.200,1,7,.143,2,8,.250,.233,4,6,.667,2,2,4,2,0,0,2,11,11
383,Jason Richardson,SG,34,PHI,19,15,416,62,178,.348,31,96,.323,31,82,.378,.435,17,22,.773,13,53,66,38,13,3,16,28,172
384,Luke Ridnour,PG,33,ORL,47,0,683,75,176,.426,20,63,.317,55,113,.487,.483,18,21,.857,8,60,68,96,20,4,38,67,188
385,Austin Rivers,PG-SG,22,(Multiple),76,5,1563,203,496,.409,39,131,.298,164,365,.449,.449,85,126,.675,27,125,152,155,48,14,65,146,530
386,Andre Roberson,SG,23,OKC,67,65,1286,92,201,.458,21,85,.247,71,116,.612,.510,23,48,.479,60,195,255,70,53,29,46,141,228
387,Brian Roberts,PG,29,CHO,72,10,1330,176,452,.389,62,193,.321,114,259,.440,.458,66,74,.892,13,96,109,162,33,6,57,75,480
388,Glenn Robinson,SG-SF,21,(Multiple),35,1,261,26,67,.388,5,19,.263,21,48,.438,.425,16,24,.667,15,24,39,11,6,1,11,15,73
389,Nate Robinson,PG,30,(Multiple),42,1,591,88,255,.345,31,112,.277,57,143,.399,.406,31,46,.674,17,33,50,97,20,3,30,76,238
390,Thomas Robinson,PF,23,(Multiple),54,4,798,126,260,.485,0,2,.000,126,258,.488,.485,56,106,.528,95,208,303,33,32,20,59,104,308
391,Rajon Rondo,PG,28,(Multiple),68,68,2018,275,645,.426,27,86,.314,248,559,.444,.447,31,78,.397,73,300,373,538,91,7,210,153,608
392,Derrick Rose,PG,26,CHI,51,51,1530,338,835,.405,76,271,.280,262,564,.465,.450,152,187,.813,35,126,161,251,36,16,161,63,904
393,Terrence Ross,SF,23,TOR,82,61,2092,309,753,.410,145,390,.372,164,363,.452,.507,44,56,.786,32,194,226,86,53,25,69,136,807
394,Ricky Rubio,PG,24,MIN,22,22,692,78,219,.356,13,51,.255,65,168,.387,.386,57,71,.803,19,106,125,193,38,1,64,59,226
395,Damjan Rudez,SF,28,IND,68,2,1047,119,263,.452,69,170,.406,50,93,.538,.584,16,23,.696,8,39,47,53,16,5,47,79,323
396,Brandon Rush,SG,29,GSW,33,0,271,11,54,.204,3,27,.111,8,27,.296,.231,5,11,.455,4,37,41,12,5,12,11,27,30
397,Robert Sacre,C,25,LAL,67,18,1133,126,306,.412,0,1,.000,126,305,.413,.412,55,82,.671,89,144,233,55,28,43,36,121,307
398,John Salmons,SF,35,NOP,21,0,270,16,48,.333,8,26,.308,8,22,.364,.417,2,4,.500,4,17,21,13,9,4,5,25,42
399,JaKarr Sampson,SF,21,PHI,74,32,1131,146,346,.422,31,127,.244,115,219,.525,.467,63,94,.670,35,128,163,77,38,26,76,135,386
400,Larry Sanders,C,26,MIL,27,26,586,86,172,.500,0,0,,86,172,.500,.500,24,48,.500,67,99,166,23,26,39,28,104,196
401,Dennis Schroder,PG,21,ATL,77,10,1516,284,665,.427,52,148,.351,232,517,.449,.466,148,179,.827,29,135,164,317,49,4,150,127,768
402,Luis Scola,PF,34,IND,81,16,1659,300,642,.467,5,20,.250,295,622,.474,.471,158,226,.699,138,388,526,105,47,18,94,192,763
403,Mike Scott,PF,26,ATL,68,0,1123,201,453,.444,66,192,.344,135,261,.517,.517,61,77,.792,45,154,199,75,25,3,39,83,529
404,Thabo Sefolosha,SF,30,ATL,52,7,976,104,249,.418,25,78,.321,79,171,.462,.468,45,58,.776,53,170,223,75,53,21,38,67,278
405,Kevin Seraphin,C,25,WAS,79,0,1235,231,450,.513,0,2,.000,231,448,.516,.513,58,82,.707,87,201,288,59,10,59,98,197,520
406,Ramon Sessions,PG,28,(Multiple),64,10,1188,125,334,.374,19,60,.317,106,274,.387,.403,133,173,.769,23,121,144,182,29,0,86,73,402
407,Iman Shumpert,SG,24,(Multiple),62,25,1545,193,471,.410,67,196,.342,126,275,.458,.481,43,64,.672,55,169,224,135,81,16,91,138,496
408,Alexey Shved,SG,26,(Multiple),42,9,767,133,335,.397,47,139,.338,86,196,.439,.467,121,150,.807,23,76,99,106,30,6,48,48,434
408,Alexey Shved,SG,26,NYK,16,9,423,73,181,.403,26,70,.371,47,111,.423,.475,64,82,.780,14,59,73,57,15,5,25,25,236
409,Henry Sims,C,24,PHI,73,32,1399,238,502,.474,4,22,.182,234,480,.488,.478,106,137,.774,121,238,359,79,39,30,99,135,586
410,Kyle Singler,SF,26,(Multiple),80,58,1743,172,446,.386,96,241,.398,76,205,.371,.493,40,52,.769,33,161,194,85,47,21,55,153,480
411,Donald Sloan,PG,27,IND,53,21,1107,145,355,.408,41,131,.313,104,224,.464,.466,60,77,.779,12,131,143,190,23,0,65,47,391
412,Marcus Smart,PG,20,BOS,67,38,1808,175,477,.367,91,272,.335,84,205,.410,.462,82,127,.646,61,161,222,208,99,18,90,176,523
413,Greg Smith,PF,24,DAL,42,2,363,30,49,.612,0,0,,30,49,.612,.612,20,39,.513,26,53,79,9,7,11,11,53,80
414,Ish Smith,PG,26,(Multiple),55,14,832,143,367,.390,18,60,.300,125,307,.407,.414,34,57,.596,15,85,100,180,36,6,78,50,338
415,J.R. Smith,SG,29,(Multiple),70,51,2080,315,755,.417,163,426,.383,152,329,.462,.525,54,72,.750,30,188,218,195,82,22,97,163,847
416,Jason Smith,C,28,NYK,82,31,1785,257,592,.434,15,42,.357,242,550,.440,.447,127,153,.830,98,226,324,140,32,44,104,205,656
417,Josh Smith,PF,29,(Multiple),83,35,2300,414,987,.419,72,228,.316,342,759,.451,.456,127,255,.498,152,378,530,277,87,116,206,228,1027
418,Russ Smith,PG,23,(Multiple),12,0,65,8,25,.320,2,11,.182,6,14,.429,.360,12,13,.923,1,5,6,8,3,0,12,13,30
419,Tony Snell,SF,23,CHI,72,22,1412,159,371,.429,73,197,.371,86,174,.494,.527,44,55,.800,31,145,176,62,32,11,48,86,435
420,Marreese Speights,PF,27,GSW,76,9,1207,318,646,.492,5,18,.278,313,628,.498,.496,150,178,.843,109,216,325,72,20,34,82,189,791
421,Tiago Splitter,C,30,SAS,52,35,1030,169,303,.558,0,0,,169,303,.558,.558,90,120,.750,91,161,252,78,35,37,60,103,428
422,Nik Stauskas,SG,21,SAC,73,1,1127,108,296,.365,48,149,.322,60,147,.408,.446,55,64,.859,11,77,88,67,20,17,40,92,319
423,Lance Stephenson,SG,24,CHO,61,25,1573,207,550,.376,18,105,.171,189,445,.425,.393,69,110,.627,39,238,277,240,38,8,128,134,501
424,Greg Stiemsma,C,29,TOR,17,0,66,6,8,.750,0,0,,6,8,.750,.750,2,4,.500,9,6,15,3,2,0,7,15,14
425,David Stockton,PG,23,SAC,3,0,33,2,6,.333,1,2,.500,1,4,.250,.417,3,6,.500,0,2,2,9,2,0,4,1,8
426,Jarnell Stokes,PF,21,MEM,19,2,126,21,37,.568,0,0,,21,37,.568,.568,15,28,.536,16,18,34,4,5,5,7,25,57
427,Amar'e Stoudemire,PF,32,(Multiple),59,15,1245,273,490,.557,0,4,.000,273,486,.562,.557,134,186,.720,110,219,329,45,29,38,78,161,680
428,Rodney Stuckey,PG,28,IND,71,36,1874,332,754,.440,55,141,.390,277,613,.452,.477,177,216,.819,36,212,248,219,56,10,118,131,896
429,Jared Sullinger,PF,22,BOS,58,49,1566,311,708,.439,52,184,.283,259,524,.494,.476,96,129,.744,147,294,441,134,44,42,78,153,770
430,Jeffery Taylor,SF,25,CHO,29,13,430,45,114,.395,11,36,.306,34,78,.436,.443,26,41,.634,14,39,53,22,12,1,19,36,127
431,Jeff Teague,PG,26,ATL,73,72,2228,408,887,.460,71,207,.343,337,680,.496,.500,275,319,.862,30,154,184,513,125,31,205,139,1162
432,Mirza Teletovic,PF,29,BRK,40,4,892,122,319,.382,62,193,.321,60,126,.476,.480,33,46,.717,27,167,194,46,14,16,53,74,339
433,Sebastian Telfair,PG,29,OKC,16,1,327,46,125,.368,18,60,.300,28,65,.431,.440,24,34,.706,2,28,30,45,10,0,18,29,134
434,Garrett Temple,SG,28,WAS,52,18,735,68,170,.400,33,88,.375,35,82,.427,.497,35,48,.729,24,66,90,56,42,9,34,76,204
435,Jason Terry,SG,37,HOU,77,18,1641,188,446,.422,126,323,.390,62,123,.504,.563,39,48,.813,15,106,121,147,66,19,74,116,541
436,Isaiah Thomas,PG,25,(Multiple),67,1,1726,335,797,.420,129,346,.373,206,451,.457,.501,302,348,.868,33,120,153,284,57,5,143,150,1101
437,Lance Thomas,PF-SF,26,(Multiple),62,37,1490,182,442,.412,7,22,.318,175,420,.417,.420,72,99,.727,65,130,195,69,37,8,74,101,443
438,Malcolm Thomas,PF,26,PHI,17,0,194,18,40,.450,0,7,.000,18,33,.545,.450,9,13,.692,16,40,56,7,3,1,13,17,45
439,Tyrus Thomas,PF,28,MEM,2,0,7,1,1,1.000,0,0,,1,1,1.000,1.000,2,2,1.000,0,0,0,1,0,0,0,0,4
440,Hollis Thompson,SG,23,PHI,71,23,1776,224,543,.413,115,287,.401,109,256,.426,.518,63,89,.708,53,145,198,85,57,26,66,141,626
441,Jason Thompson,PF,28,SAC,81,63,1991,201,428,.470,0,1,.000,201,427,.471,.470,89,143,.622,139,391,530,85,33,57,84,239,491
442,Klay Thompson,SG,24,GSW,77,77,2455,602,1299,.463,239,545,.439,363,754,.481,.555,225,256,.879,27,220,247,222,87,60,149,122,1668
443,Tristan Thompson,PF,23,CLE,82,15,2194,267,488,.547,0,0,,267,488,.547,.547,159,248,.641,274,383,657,39,34,61,83,189,693
444,Marcus Thornton,SG,27,(Multiple),48,0,721,140,345,.406,54,143,.378,86,202,.426,.484,46,56,.821,23,63,86,36,27,7,27,38,380
445,Anthony Tolliver,PF,29,(Multiple),76,11,1432,161,393,.410,106,290,.366,55,103,.534,.545,54,69,.783,51,185,236,59,24,16,51,137,482
446,P.J. Tucker,SF,29,PHO,78,63,2383,261,596,.438,87,252,.345,174,344,.506,.511,104,143,.727,114,388,502,122,107,23,96,179,713
447,Ronny Turiaf,C,32,MIN,2,0,19,0,0,,0,0,,0,0,,,0,0,,0,1,1,2,0,0,0,0,0
448,Hedo Turkoglu,SF,35,LAC,62,2,705,83,188,.441,60,139,.432,23,49,.469,.601,6,11,.545,5,94,99,37,19,7,29,66,232
449,Evan Turner,SG,26,BOS,82,57,2260,320,746,.429,33,119,.277,287,627,.458,.451,106,141,.752,40,377,417,449,83,19,198,180,779
450,Ekpe Udoh,PF,27,LAC,33,0,128,11,24,.458,0,0,,11,24,.458,.458,7,9,.778,7,19,26,8,8,7,7,20,29
451,Beno Udrih,PG,32,MEM,79,12,1494,246,505,.487,26,97,.268,220,408,.539,.513,87,102,.853,20,123,143,220,46,8,89,88,605
452,Jonas Valanciunas,C,22,TOR,80,80,2096,373,652,.572,0,1,.000,373,651,.573,.572,217,276,.786,215,478,693,39,33,95,109,222,963
453,Anderson Varejao,C,32,CLE,26,26,636,111,200,.555,0,2,.000,111,198,.561,.555,33,45,.733,57,113,170,35,19,16,35,58,255
454,Greivis Vasquez,PG,28,TOR,82,29,1991,296,725,.408,133,351,.379,163,374,.436,.500,50,66,.758,22,194,216,302,46,10,119,177,775
455,Charlie Villanueva,PF,30,DAL,64,1,678,150,362,.414,83,221,.376,67,141,.475,.529,20,35,.571,30,119,149,19,15,22,28,64,403
456,Noah Vonleh,PF,19,CHO,25,0,259,30,76,.395,5,13,.385,25,63,.397,.428,18,26,.692,28,58,86,4,4,9,11,20,83
457,Nikola Vucevic,C,24,ORL,74,74,2529,631,1206,.523,2,6,.333,629,1200,.524,.524,164,218,.752,238,572,810,147,54,54,148,220,1428
458,Dwyane Wade,SG,33,MIA,62,62,1971,509,1084,.470,29,102,.284,480,982,.489,.483,284,370,.768,58,161,219,299,73,21,209,105,1331
459,Dion Waiters,SG,23,(Multiple),80,23,2208,375,946,.396,73,246,.297,302,700,.431,.435,117,172,.680,41,151,192,163,90,21,113,155,940
460,Henry Walker,SF,27,MIA,24,13,628,58,168,.345,45,132,.341,13,36,.361,.479,14,18,.778,7,75,82,29,24,9,24,76,175
461,Kemba Walker,PG,24,CHO,62,58,2119,378,981,.385,85,280,.304,293,701,.418,.429,234,283,.827,35,185,220,318,89,31,100,92,1075
462,John Wall,PG,24,WAS,79,79,2837,519,1166,.445,65,217,.300,454,949,.478,.473,284,362,.785,36,330,366,792,138,45,304,180,1387
463,Gerald Wallace,SF,32,BOS,32,0,286,14,34,.412,1,3,.333,13,31,.419,.426,6,15,.400,17,40,57,11,15,4,18,19,35
464,T.J. Warren,SF,21,PHO,40,1,614,113,214,.528,5,21,.238,108,193,.560,.540,14,19,.737,41,44,85,25,18,9,27,51,245
465,C.J. Watson,PG,30,IND,57,21,1422,181,417,.434,70,175,.400,111,242,.459,.518,138,167,.826,18,145,163,208,57,9,100,107,570
466,David Wear,PF,24,SAC,2,0,7,0,2,.000,0,1,.000,0,1,.000,.000,0,0,,2,0,2,1,0,0,0,1,0
467,Travis Wear,SF,24,NYK,51,1,672,84,209,.402,11,30,.367,73,179,.408,.428,20,26,.769,31,75,106,40,15,11,35,55,199
468,Martell Webster,SF,28,WAS,32,0,352,24,91,.264,10,43,.233,14,48,.292,.319,48,64,.750,10,36,46,17,7,1,22,24,106
469,David West,PF,34,IND,66,66,1895,323,686,.471,4,20,.200,319,666,.479,.474,119,161,.739,108,341,449,223,48,48,120,160,769
470,Russell Westbrook,PG,26,OKC,67,67,2302,627,1471,.426,86,288,.299,541,1183,.457,.455,546,654,.835,124,364,488,574,140,14,293,184,1886
471,Hassan Whiteside,C,25,MIA,48,32,1142,243,387,.628,0,0,,243,387,.628,.628,78,156,.500,145,337,482,6,27,123,58,129,564
472,Shayne Whittington,PF,23,IND,20,0,108,19,42,.452,1,6,.167,18,36,.500,.464,18,23,.783,10,19,29,6,5,2,5,18,57
473,Andrew Wiggins,SG,19,MIN,82,82,2969,497,1137,.437,39,126,.310,458,1011,.453,.454,354,466,.760,134,240,374,170,86,50,177,190,1387
474,C.J. Wilcox,SG,24,LAC,21,0,101,16,38,.421,7,19,.368,9,19,.474,.513,2,2,1.000,1,6,7,8,3,1,10,7,41
475,Deron Williams,PG,30,BRK,68,55,2114,298,771,.387,87,237,.367,211,534,.395,.443,201,241,.834,29,208,237,448,64,17,154,157,884
476,Derrick Williams,PF,23,SAC,74,6,1462,217,485,.447,49,156,.314,168,329,.511,.498,134,196,.684,41,161,202,50,34,4,56,67,617
477,Elliot Williams,SG,25,(Multiple),13,0,119,14,37,.378,8,18,.444,6,19,.316,.486,1,4,.250,0,8,8,12,4,0,4,12,37
478,Lou Williams,SG,28,TOR,80,0,2016,375,928,.404,152,447,.340,223,481,.464,.486,340,395,.861,24,127,151,164,88,10,101,103,1242
479,Marvin Williams,PF,28,CHO,78,37,2035,210,495,.424,95,265,.358,115,230,.500,.520,62,87,.713,58,328,386,100,69,36,60,146,577
480,Mo Williams,PG,32,(Multiple),68,33,1980,341,860,.397,119,348,.342,222,512,.434,.466,163,187,.872,22,152,174,424,46,14,172,162,964
481,Reggie Williams,SF,28,SAS,20,0,105,15,39,.385,3,19,.158,12,20,.600,.423,4,4,1.000,5,12,17,10,1,0,2,12,37
482,Shawne Williams,SF,28,(Multiple),63,22,1087,121,300,.403,64,178,.360,57,122,.467,.510,35,40,.875,36,130,166,44,25,21,30,135,341
483,Jeff Withey,C,24,NOP,37,0,259,32,64,.500,0,0,,32,64,.500,.500,34,50,.680,23,41,64,11,4,18,12,26,98
484,Nate Wolters,PG,23,(Multiple),21,0,247,20,57,.351,0,7,.000,20,50,.400,.351,2,6,.333,8,26,34,21,8,2,13,18,42
485,Brandan Wright,PF,27,(Multiple),75,7,1449,233,363,.642,0,3,.000,233,360,.647,.642,78,112,.696,128,193,321,41,50,94,34,102,544
486,Dorell Wright,SF,29,POR,48,2,592,72,190,.379,41,108,.380,31,82,.378,.487,34,42,.810,14,97,111,41,20,11,18,55,219
487,Tony Wroten,SG,21,PHI,30,15,895,175,434,.403,37,142,.261,138,292,.473,.446,120,180,.667,22,64,86,157,48,8,113,72,507
488,James Young,SG,19,BOS,31,0,332,36,102,.353,17,66,.258,19,36,.528,.436,16,29,.552,9,33,42,13,8,2,5,22,105
489,Nick Young,SG,29,LAL,42,0,1000,174,476,.366,83,225,.369,91,251,.363,.453,132,148,.892,17,79,96,41,23,11,44,83,563
490,Thaddeus Young,PF,26,(Multiple),76,68,2434,451,968,.466,38,115,.330,413,853,.484,.486,131,200,.655,127,284,411,173,124,25,117,171,1071
491,Cody Zeller,C,22,CHO,62,45,1487,172,373,.461,1,1,1.000,171,372,.460,.462,127,164,.774,97,265,362,100,34,49,62,156,472
492,Tyler Zeller,C,25,BOS,82,59,1731,340,619,.549,0,0,,340,619,.549,.549,153,186,.823,146,319,465,113,18,52,76,205,833
